{"en_guide_asset-handling.md":"DRpVscgi","en_guide_cms.md":"Dii18ELE","en_guide_custom-theme.md":"DNEZGHQk","en_guide_data-loading.md":"h5k3QVL0","en_guide_deploy.md":"Iv9OsqwC","en_guide_extending-default-theme.md":"BL1sBeuy","en_guide_frontmatter.md":"D99BP14y","en_guide_getting-started.md":"DpLaEqq-","en_guide_i18n.md":"D_Og7jDi","en_guide_markdown.md":"D-JSstZF","en_guide_migration-from-vitepress-0.md":"BQSR16rf","en_guide_migration-from-vuepress.md":"HZ19xBlR","en_guide_mpa-mode.md":"TRJuxwyI","en_guide_routing.md":"CZCbosBB","en_guide_sitemap-generation.md":"CVBiCe8j","en_guide_ssr-compat.md":"o0kwDwZc","en_guide_using-vue.md":"Cp-wOHoh","en_guide_what-is-vitepress.md":"oRGv0CXJ","en_index.md":"DRZTbk7F","en_reference_cli.md":"B1VIfZZj","en_reference_default-theme-badge.md":"CVXyw1vY","en_reference_default-theme-carbon-ads.md":"D5wT1HrX","en_reference_default-theme-config.md":"CK0HFlCy","en_reference_default-theme-edit-link.md":"Ctw5Gw5S","en_reference_default-theme-footer.md":"DkM7dQVp","en_reference_default-theme-home-page.md":"DC0Btlg3","en_reference_default-theme-last-updated.md":"BwLb9_7O","en_reference_default-theme-layout.md":"DuCIJGKH","en_reference_default-theme-nav.md":"CVTALqui","en_reference_default-theme-prev-next-links.md":"BBdEZApa","en_reference_default-theme-search.md":"qpdW2_tU","en_reference_default-theme-sidebar.md":"imrlXtuA","en_reference_default-theme-team-page.md":"Dx5i7351","en_reference_frontmatter-config.md":"L4SYyyiw","en_reference_runtime-api.md":"Di9-7K-0","en_reference_site-config.md":"BiX-rHLZ","guide_base-information.md":"B1Wgkiy1","guide_cancel-order.md":"BBDT4kI3","guide_merchant-info.md":"DqTVNuT_","guide_order-info.md":"B9ocVmBG","guide_product-buy.md":"32KaK0GS","guide_product-list.md":"UEFSSHEG","guide_product-search.md":"DYcZ9JPS","guide_trade-buy.md":"DeeLxjfm","index.md":"CrmYD7nJ"}
